Name,Code,PropertyType,InstallationMethodName,DepartmentName,AddressLine1,AddressLine2,City,State,Postcode,Area,Notes,IsActive
KELANA IMPIAN APARTMENT,,,Non-Prelaid,,Kuala Lumpur,,Kuala Lumpur,Wilayah Persekutuan Kuala Lumpur,00000,,,true
THE WESTSIDE II,,,Prelaid,,Kuala Lumpur,,Kuala Lumpur,Wilayah Persekutuan Kuala Lumpur,00000,,,true
THE WESTSIDE I,,,Prelaid,,Kuala Lumpur,,Kuala Lumpur,Wilayah Persekutuan Kuala Lumpur,00000,,,true
TARA 33,,,Non-Prelaid,,Kuala Lumpur,,Kuala Lumpur,Wilayah Persekutuan Kuala Lumpur,00000,,,true
LUMI TROPICANA,,,Prelaid,,Kuala Lumpur,,Kuala Lumpur,Wilayah Persekutuan Kuala Lumpur,00000,,,true
D RAPPORT,,,Prelaid,,Kuala Lumpur,,Kuala Lumpur,Wilayah Persekutuan Kuala Lumpur,00000,,,true
BLOK TANJUNG,,,Non-Prelaid,,Kuala Lumpur,,Kuala Lumpur,Wilayah Persekutuan Kuala Lumpur,00000,,,true
PPR KAMPUNG BARU HICOM,,,Non-Prelaid,,Kuala Lumpur,,Kuala Lumpur,Wilayah Persekutuan Kuala Lumpur,00000,,,true
UNITED POINT RESIDENCE (KEPONG 5),,,Prelaid,,Kuala Lumpur,,Kuala Lumpur,Wilayah Persekutuan Kuala Lumpur,00000,,,true
IXORA APARTMENT -KEPONG,,,Non-Prelaid,,Kuala Lumpur,,Kuala Lumpur,Wilayah Persekutuan Kuala Lumpur,00000,,,true
MONTE BAYU,,,Non-Prelaid,,Kuala Lumpur,,Kuala Lumpur,Wilayah Persekutuan Kuala Lumpur,00000,,,true
FLORA I,,,Non-Prelaid,,Kuala Lumpur,,Kuala Lumpur,Wilayah Persekutuan Kuala Lumpur,00000,,,true
PARADESA TROPIKA,,,Non-Prelaid,,Kuala Lumpur,,Kuala Lumpur,Wilayah Persekutuan Kuala Lumpur,00000,,,true
FAIRVILLE APARTMENT,,,Non-Prelaid,,Kuala Lumpur,,Kuala Lumpur,Wilayah Persekutuan Kuala Lumpur,00000,,,true
MEGAN SALAK PARK,,,Non-Prelaid,,Kuala Lumpur,,Kuala Lumpur,Wilayah Persekutuan Kuala Lumpur,00000,,,true
RIMBA 1,,,Non-Prelaid,,Kuala Lumpur,,Kuala Lumpur,Wilayah Persekutuan Kuala Lumpur,00000,,,true
PLAZA SALAK PARK,,,Non-Prelaid,,Kuala Lumpur,,Kuala Lumpur,Wilayah Persekutuan Kuala Lumpur,00000,,,true
TAMAN SERI MURNI FASA 3,,,Non-Prelaid,,Kuala Lumpur,,Kuala Lumpur,Wilayah Persekutuan Kuala Lumpur,00000,,,true
WISMA KOPERATIF MCIS,,,Non-Prelaid,,Kuala Lumpur,,Kuala Lumpur,Wilayah Persekutuan Kuala Lumpur,00000,,,true
WISMA MANJALARA,,,Non-Prelaid,,Kuala Lumpur,,Kuala Lumpur,Wilayah Persekutuan Kuala Lumpur,00000,,,true
AMAN SATU,,,Non-Prelaid,,Kuala Lumpur,,Kuala Lumpur,Wilayah Persekutuan Kuala Lumpur,00000,,,true
BANGUNAN AHP,,,Non-Prelaid,,Kuala Lumpur,,Kuala Lumpur,Wilayah Persekutuan Kuala Lumpur,00000,,,true
LIEN HOE,,,Non-Prelaid,,Kuala Lumpur,,Kuala Lumpur,Wilayah Persekutuan Kuala Lumpur,00000,,,true
SERI GALAKSI,,,Non-Prelaid,,Kuala Lumpur,,Kuala Lumpur,Wilayah Persekutuan Kuala Lumpur,00000,,,true
SERI KAYAN,,,Non-Prelaid,,Kuala Lumpur,,Kuala Lumpur,Wilayah Persekutuan Kuala Lumpur,00000,,,true
INDAH VILLA,,,Non-Prelaid,,Kuala Lumpur,,Kuala Lumpur,Wilayah Persekutuan Kuala Lumpur,00000,,,true
CASA RESIDENSI,,,Prelaid,,Kuala Lumpur,,Kuala Lumpur,Wilayah Persekutuan Kuala Lumpur,00000,,,true
SERI INTAN 1,,,Non-Prelaid,,Kuala Lumpur,,Kuala Lumpur,Wilayah Persekutuan Kuala Lumpur,00000,,,true
SRI PENARA,,,Non-Prelaid,,Kuala Lumpur,,Kuala Lumpur,Wilayah Persekutuan Kuala Lumpur,00000,,,true
PLAZA DAMAS,,,Non-Prelaid,,Kuala Lumpur,,Kuala Lumpur,Wilayah Persekutuan Kuala Lumpur,00000,,,true
PLAZA DAMAS 3,,,Non-Prelaid,,Kuala Lumpur,,Kuala Lumpur,Wilayah Persekutuan Kuala Lumpur,00000,,,true
PUNCAK KINRARA,,,Non-Prelaid,,Kuala Lumpur,,Kuala Lumpur,Wilayah Persekutuan Kuala Lumpur,00000,,,true
BGN GREAT EASTERN LIFE ASSURANCE,,,Non-Prelaid,,Kuala Lumpur,,Kuala Lumpur,Wilayah Persekutuan Kuala Lumpur,00000,,,true
CASA MILA,,,Non-Prelaid,,Kuala Lumpur,,Kuala Lumpur,Wilayah Persekutuan Kuala Lumpur,00000,,,true
ATWATER @PJ,,,Prelaid,,Kuala Lumpur,,Kuala Lumpur,Wilayah Persekutuan Kuala Lumpur,00000,,,true
THE HAMILTON,,,Prelaid,,Kuala Lumpur,,Kuala Lumpur,Wilayah Persekutuan Kuala Lumpur,00000,,,true
SENSORY RESIDENCE,,,Prelaid,,Kuala Lumpur,,Kuala Lumpur,Wilayah Persekutuan Kuala Lumpur,00000,,,true
RADIA RESIDENCE,,,Prelaid,,Kuala Lumpur,,Kuala Lumpur,Wilayah Persekutuan Kuala Lumpur,00000,,,true
I RESIDENCE,,,Prelaid,,Kuala Lumpur,,Kuala Lumpur,Wilayah Persekutuan Kuala Lumpur,00000,,,true
INTANA RIA,,,Non-Prelaid,,Kuala Lumpur,,Kuala Lumpur,Wilayah Persekutuan Kuala Lumpur,00000,,,true
REGINA COURT,,,Non-Prelaid,,Kuala Lumpur,,Kuala Lumpur,Wilayah Persekutuan Kuala Lumpur,00000,,,true
PERMAI PJS,,,Non-Prelaid,,Kuala Lumpur,,Kuala Lumpur,Wilayah Persekutuan Kuala Lumpur,00000,,,true
AEON BANDAR BUKIT TINGGI,,,Non-Prelaid,,Kuala Lumpur,,Kuala Lumpur,Wilayah Persekutuan Kuala Lumpur,00000,,,true
KETUMBAR HILLS,,,Non-Prelaid,,Kuala Lumpur,,Kuala Lumpur,Wilayah Persekutuan Kuala Lumpur,00000,,,true
MELAWATI HILLSIDE APARTMENT,,,Non-Prelaid,,Kuala Lumpur,,Kuala Lumpur,Wilayah Persekutuan Kuala Lumpur,00000,,,true
PERMATA FADASON,,,Non-Prelaid,,Kuala Lumpur,,Kuala Lumpur,Wilayah Persekutuan Kuala Lumpur,00000,,,true
TOP RESIDENCY,,,Prelaid,,Kuala Lumpur,,Kuala Lumpur,Wilayah Persekutuan Kuala Lumpur,00000,,,true
ANDARI TOWNVILLA,,,Non-Prelaid,,Kuala Lumpur,,Kuala Lumpur,Wilayah Persekutuan Kuala Lumpur,00000,,,true
TEN KINRARA,,,Prelaid,,Kuala Lumpur,,Kuala Lumpur,Wilayah Persekutuan Kuala Lumpur,00000,,,true
TIARA DUTA,,,Non-Prelaid,,Kuala Lumpur,,Kuala Lumpur,Wilayah Persekutuan Kuala Lumpur,00000,,,true
SUNWAY VELOCITY 2,,,Prelaid,,Kuala Lumpur,,Kuala Lumpur,Wilayah Persekutuan Kuala Lumpur,00000,,,true
ROYCE RESIDENCE,,,Prelaid,,Kuala Lumpur,,Kuala Lumpur,Wilayah Persekutuan Kuala Lumpur,00000,,,true
PPR SERI SEMARAK,,,Non-Prelaid,,Kuala Lumpur,,Kuala Lumpur,Wilayah Persekutuan Kuala Lumpur,00000,,,true
ANGGUN CITY,,,Non-Prelaid,,Kuala Lumpur,,Kuala Lumpur,Wilayah Persekutuan Kuala Lumpur,00000,,,true
ASTER RESIDENCE,,,Prelaid,,Kuala Lumpur,,Kuala Lumpur,Wilayah Persekutuan Kuala Lumpur,00000,,,true
KELANA PUTERI,,,Non-Prelaid,,Kuala Lumpur,,Kuala Lumpur,Wilayah Persekutuan Kuala Lumpur,00000,,,true
LA VISTA CONDOMINIUMS,,,Non-Prelaid,,Kuala Lumpur,,Kuala Lumpur,Wilayah Persekutuan Kuala Lumpur,00000,,,true
PARADESA RUSTIKA CONDOMINIUM,,,Non-Prelaid,,Kuala Lumpur,,Kuala Lumpur,Wilayah Persekutuan Kuala Lumpur,00000,,,true
PPR LEMBAH SUBANG 2,,,Non-Prelaid,,Kuala Lumpur,,Kuala Lumpur,Wilayah Persekutuan Kuala Lumpur,00000,,,true
SETAPAK RIA CONDOMINIUM,,,Non-Prelaid,,Kuala Lumpur,,Kuala Lumpur,Wilayah Persekutuan Kuala Lumpur,00000,,,true
ASCENDA RESIDENCES,,,Prelaid,,Kuala Lumpur,,Kuala Lumpur,Wilayah Persekutuan Kuala Lumpur,00000,,,true
PANTAI HILL PARK,,,Non-Prelaid,,Kuala Lumpur,,Kuala Lumpur,Wilayah Persekutuan Kuala Lumpur,00000,,,true
CEMARA,,,Non-Prelaid,,Kuala Lumpur,,Kuala Lumpur,Wilayah Persekutuan Kuala Lumpur,00000,,,true
DE PALMA,,,Prelaid,,Kuala Lumpur,,Kuala Lumpur,Wilayah Persekutuan Kuala Lumpur,00000,,,true
HIJAUAN SAUJANA,,,Prelaid,,Kuala Lumpur,,Kuala Lumpur,Wilayah Persekutuan Kuala Lumpur,00000,,,true
SURIA IXORA,,,Prelaid,,Kuala Lumpur,,Kuala Lumpur,Wilayah Persekutuan Kuala Lumpur,00000,,,true
SURIA RAFFLESIA,,,Prelaid,,Kuala Lumpur,,Kuala Lumpur,Wilayah Persekutuan Kuala Lumpur,00000,,,true
ENCORP STRAND MALL,,,Prelaid,,Kuala Lumpur,,Kuala Lumpur,Wilayah Persekutuan Kuala Lumpur,00000,,,true
ENCORP STRAND RESIDENCES,,,Prelaid,,Kuala Lumpur,,Kuala Lumpur,Wilayah Persekutuan Kuala Lumpur,00000,,,true
GEMBIRA RESIDEN,,,Non-Prelaid,,Kuala Lumpur,,Kuala Lumpur,Wilayah Persekutuan Kuala Lumpur,00000,,,true
ECO SANTUARI - GRANDEZZA,,,Prelaid,,Kuala Lumpur,,Kuala Lumpur,Wilayah Persekutuan Kuala Lumpur,00000,,,true
ECO SANTUARI - TERRAZA,,,Prelaid,,Kuala Lumpur,,Kuala Lumpur,Wilayah Persekutuan Kuala Lumpur,00000,,,true
ECO SANTUARI - THE PARQUE RESIDENCES,,,Prelaid,,Kuala Lumpur,,Kuala Lumpur,Wilayah Persekutuan Kuala Lumpur,00000,,,true
ECO SANTUARI - ECO SANTUARI MALL,,,Prelaid,,Kuala Lumpur,,Kuala Lumpur,Wilayah Persekutuan Kuala Lumpur,00000,,,true
ECO SANTUARI - MONTEREY,,,Prelaid,,Kuala Lumpur,,Kuala Lumpur,Wilayah Persekutuan Kuala Lumpur,00000,,,true
ECO SANTUARI - SOMERSET 2,,,Prelaid,,Kuala Lumpur,,Kuala Lumpur,Wilayah Persekutuan Kuala Lumpur,00000,,,true
EMIRA RESIDENCE @ SHAH ALAM,,,Prelaid,,Kuala Lumpur,,Kuala Lumpur,Wilayah Persekutuan Kuala Lumpur,00000,,,true
VILLA LAMAN TASIK (Q1),,,Non-Prelaid,,Kuala Lumpur,,Kuala Lumpur,Wilayah Persekutuan Kuala Lumpur,00000,,,true
ECO SANTUARI - SENCILIA,,,Prelaid,,Kuala Lumpur,,Kuala Lumpur,Wilayah Persekutuan Kuala Lumpur,00000,,,true
8 AVENUE BUSINESS CENTRE,,,Non-Prelaid,,Kuala Lumpur,,Kuala Lumpur,Wilayah Persekutuan Kuala Lumpur,00000,,,true
ARMANEE CONDOMINIUM,,,Non-Prelaid,,Kuala Lumpur,,Kuala Lumpur,Wilayah Persekutuan Kuala Lumpur,00000,,,true
BOULEVARD RESIDENCE,,,Prelaid,,Kuala Lumpur,,Kuala Lumpur,Wilayah Persekutuan Kuala Lumpur,00000,,,true
9 SEPUTEH - VIVO RESIDENCE,,,Prelaid,,Kuala Lumpur,,Kuala Lumpur,Wilayah Persekutuan Kuala Lumpur,00000,,,true
DAMANSARA FORESTA,,,Prelaid,,Kuala Lumpur,,Kuala Lumpur,Wilayah Persekutuan Kuala Lumpur,00000,,,true
K RESIDENCE KAJANG,,,Prelaid,,Kuala Lumpur,,Kuala Lumpur,Wilayah Persekutuan Kuala Lumpur,00000,,,true
PEARL SURIA,,,Prelaid,,Kuala Lumpur,,Kuala Lumpur,Wilayah Persekutuan Kuala Lumpur,00000,,,true
SENTRAL RESIDENCE @ KAJANG,,,Prelaid,,Kuala Lumpur,,Kuala Lumpur,Wilayah Persekutuan Kuala Lumpur,00000,,,true
SIMFONI 1 KAJANG,,,Prelaid,,Kuala Lumpur,,Kuala Lumpur,Wilayah Persekutuan Kuala Lumpur,00000,,,true
DAMANSARA SERESTA,,,Prelaid,,Kuala Lumpur,,Kuala Lumpur,Wilayah Persekutuan Kuala Lumpur,00000,,,true
TEMASYA CITRA GLENMARIE,,,SDU,,Glenmarie,,Shah Alam,Selangor,00000,,,true
I-RESIDENCE,,,Prelaid,,Shah Alam,,Shah Alam,Selangor,00000,,,true
SYMPHONY RESIDENCE KAJANG,,,Prelaid,,Kuala Lumpur,,Kuala Lumpur,Wilayah Persekutuan Kuala Lumpur,00000,,,true
BANDAR PUTERI BANGI,,,SDU,,Bangi,,Bangi,Selangor,00000,,,true
ESTANA COURT,,,Non-Prelaid,,Kuala Lumpur,,Kuala Lumpur,Wilayah Persekutuan Kuala Lumpur,00000,,,true
IMU HOSPITAL,,,Prelaid,,Kuala Lumpur,,Kuala Lumpur,Wilayah Persekutuan Kuala Lumpur,00000,,,true
CROWN PLAZA,,,Prelaid,,Kuala Lumpur,,Kuala Lumpur,Wilayah Persekutuan Kuala Lumpur,00000,,,true
HYATT PLACE,,,Non-Prelaid,,Kuala Lumpur,,Kuala Lumpur,Wilayah Persekutuan Kuala Lumpur,00000,,,true
ECO ARDENCE - AERES,,,SDU,,Setia Alam,,Setia Alam,Selangor,00000,,,true
TAMAN MEGAH (SDU),,,SDU,,Petaling Jaya,,Petaling Jaya,Selangor,00000,,,true
PANGSAPURI PERMAI PJS,,,Non-Prelaid,,Kuala Lumpur,,Kuala Lumpur,Wilayah Persekutuan Kuala Lumpur,00000,,,true
RADIA OFFICE,,,Prelaid,,Kuala Lumpur,,Kuala Lumpur,Wilayah Persekutuan Kuala Lumpur,00000,,,true
MYGRESS,,,Prelaid,,Pusat Perdagangan Bandar Bukit Jalil,,Kuala Lumpur,Wilayah Persekutuan Kuala Lumpur,00000,,,true
ADORA RDF,,,SDU,,Kuala Lumpur,,Kuala Lumpur,Wilayah Persekutuan Kuala Lumpur,00000,,,true
ARMANI RESIDENCE,,,Prelaid,,Jalan Bukit Lanjan Kampung Kuala Lumpur,Jalan Bukit Lanjan Kampung,,Kuala Lumpur,Wilayah Persekutuan Kuala Lumpur,00000,,,true
STRATA TOWNHOUSE,,,SDU,,Kuala Lumpur,,Kuala Lumpur,Wilayah Persekutuan Kuala Lumpur,00000,,,true
ECO SANTUARI - SOMERSET 1,,,Prelaid,,Kuala Lumpur,,Kuala Lumpur,Wilayah Persekutuan Kuala Lumpur,00000,,,true
CROWN PLAZA CITY CENTER,,,Prelaid,,Kuala Lumpur,,Kuala Lumpur,Wilayah Persekutuan Kuala Lumpur,00000,,,true
ECO SANCTUARY,,,Prelaid,,Kuala Lumpur,,Kuala Lumpur,Wilayah Persekutuan Kuala Lumpur,00000,,,true
MENARA GREAT EASTERN LIFE - RETAIL MALL,,,Non-Prelaid,,Kuala Lumpur,,Kuala Lumpur,Wilayah Persekutuan Kuala Lumpur,00000,,,true
JALAN CECAWI (RDF),,,SDU,,Kota Damansara,Kota Damansara,,Kota Damansara,Selangor,00000,,,true
REGEN REHAB (WISMA ZUELLIG),,,Prelaid,,Petaling Jaya,,Petaling Jaya,Selangor,00000,,,true
VILLA IMPIAN @ KOTA WARISAN,,,Non-Prelaid,,Kuala Lumpur,,Kuala Lumpur,Wilayah Persekutuan Kuala Lumpur,00000,,,true
CHYMES,,,Prelaid,,Kuala Lumpur,,Kuala Lumpur,Wilayah Persekutuan Kuala Lumpur,00000,,,true
WISMA IJM,,,Non-Prelaid,,Kuala Lumpur,,Kuala Lumpur,Wilayah Persekutuan Kuala Lumpur,00000,,,true
TRINITY ECO SANTUARY,,,Prelaid,,Kuala Lumpur,,Kuala Lumpur,Wilayah Persekutuan Kuala Lumpur,00000,,,true
TEMASYA TROPICALE GLENMARIE,,,SDU,,Glenmarie,Glenmarie,,Shah Alam,Selangor,00000,,,true
THE INTERNATIONAL SCHOOL @ DESA PARKCITY,,,Prelaid,,Kuala Lumpur,,Kuala Lumpur,Wilayah Persekutuan Kuala Lumpur,00000,,,true
MENARA KWSP @KWASALAND,,,Prelaid,,Kuala Lumpur,,Kuala Lumpur,Wilayah Persekutuan Kuala Lumpur,00000,,,true
LBS SKYLAKE RESIDENCE,,,Prelaid,,Putra Perdana Puchong,Putra Perdana Puchong,,Puchong,Selangor,00000,,,true
HYATT PLACE @ BUKIT JALIL,,,Prelaid,,Bukit Jalil,Bukit Jalil,,Kuala Lumpur,Wilayah Persekutuan Kuala Lumpur,00000,,,true
NEXUS KAJANG,,,Prelaid,,Kuala Lumpur,,Kuala Lumpur,Wilayah Persekutuan Kuala Lumpur,00000,,,true
LAKESIDE TERRACES,,,SDU,,Kota Kemuning,Kota Kemuning,,Kota Kemuning,Selangor,00000,,,true
MESRA VILLA,,,Non-Prelaid,,Ampang,Ampang,,Ampang,Selangor,00000,,,true
TANGERINE SUITES,,,Prelaid,,Bandar Sunsuria Sepang,Bandar Sunsuria,,Sepang,Selangor,43900,,,true
HOTEL HILTON PJ,,,Non-Prelaid,,Petaling Jaya,,Petaling Jaya,Selangor,00000,,,true
ELMINA LAKESIDE,,,Prelaid,,Shah Alam,,Shah Alam,Selangor,00000,,,true
MULBERI,,,Prelaid,,Kuala Lumpur,,Kuala Lumpur,Wilayah Persekutuan Kuala Lumpur,00000,,,true
PANGSAPURI LTAT,,,Non-Prelaid,,Bukit Jalil,Bukit Jalil Wilayah Persekutuan Kuala Lumpur,,Kuala Lumpur,Wilayah Persekutuan Kuala Lumpur,00000,,,true
JALAN BATU UNJUR,,,SDU,,Klang,Klang,,Klang,Selangor,00000,,,true
WISMA IJM PETALING JAYA,,,Prelaid,,Petaling Jaya,,Petaling Jaya,Selangor,00000,,,true
EHSAN RESIDENCE,,,Prelaid,,Shah Alam,,Shah Alam,Selangor,00000,,,true
HORIZON SQUARE,,,SDU,,Dengkil,Dengkil,,Dengkil,Selangor,00000,,,true
Wisma MCIs,,,Non-Prelaid,,Kuala Lumpur,,Kuala Lumpur,Wilayah Persekutuan Kuala Lumpur,00000,,,true
JALAN KUBAH,,,SDU,,Shah Alam,,Shah Alam,Selangor,00000,,,true
TAIPAN DAMANSARA 2,,,SDU,,Petaling Jaya,,Petaling Jaya,Selangor,00000,,,true
ALFA BANGSAR,,,Prelaid,,Kuala Lumpur,,Kuala Lumpur,Wilayah Persekutuan Kuala Lumpur,00000,,,true
FINEXUS TITIWANGSA SENTRAL,,,Prelaid,,Kuala Lumpur,,Kuala Lumpur,Wilayah Persekutuan Kuala Lumpur,00000,,,true
ROSANA VILLA,,,Non-Prelaid,,Sepang,Sepang,,Sepang,Selangor,00000,,,true
SDU SHOPLOT,,,SDU,,Shah Alam,,Shah Alam,Selangor,00000,,,true
SHOPLOT (RDF),,,SDU,,Kuala Lumpur,,Kuala Lumpur,Wilayah Persekutuan Kuala Lumpur,00000,,,true
SDU ALAM BUDIMAN,,,SDU,,Shah Alam,,Shah Alam,Selangor,00000,,,true
SS15 Shoplot,,,SDU,,Kuala Lumpur,,Kuala Lumpur,Wilayah Persekutuan Kuala Lumpur,00000,,,true
LAMAN SERI HARMONI 33,,,Prelaid,,Kuala Lumpur,,Kuala Lumpur,Wilayah Persekutuan Kuala Lumpur,00000,,,true
Residensi Inspirasi,,,Prelaid,,Kuala Lumpur,,Kuala Lumpur,Wilayah Persekutuan Kuala Lumpur,00000,,,true
Residensi M luna,,,Prelaid,,Kuala Lumpur,,Kuala Lumpur,Wilayah Persekutuan Kuala Lumpur,00000,,,true
Mewah 9 Residence,,,Non-Prelaid,,Selangor,Selangor,,Selangor,Selangor,00000,,,true
SOLARIS PARQ RESIDENSI,,,Prelaid,,Kuala Lumpur,,Kuala Lumpur,Wilayah Persekutuan Kuala Lumpur,00000,,,true
TROPICANA MEDICAL CENTER (THOMSON HOSPITALS),,,Prelaid,,Damansara,Damansara,,Kuala Lumpur,Wilayah Persekutuan Kuala Lumpur,00000,,,true
SENTUL RAYA BOULEVARD,,,Non-Prelaid,,Sentul,Sentul,,Kuala Lumpur,Wilayah Persekutuan Kuala Lumpur,00000,,,true
1 SENTUL CONDOMINIUM,,,Non-Prelaid,,Sentul,Sentul,,Kuala Lumpur,Wilayah Persekutuan Kuala Lumpur,00000,,,true
RESIDENSI PEEL (UNA),,,Prelaid,,Kuala Lumpur,,Kuala Lumpur,Wilayah Persekutuan Kuala Lumpur,00000,,,true
Alira Residence,,,Prelaid,,Subang Jaya,Subang Jaya,,Subang Jaya,Selangor,00000,,,true
KINRARA PUTRI APARTMENT,,,Non-Prelaid,,Puchong,Puchong,,Puchong,Selangor,00000,,,true
SDU,,,SDU,,Alam Perdana,Alam Perdana,,Alam Perdana,Selangor,00000,,,true
RENTAK PERDANA,,,RDF POLE,,Bandar Puncak Alam,Bandar Puncak Alam Selangor,,Puncak Alam,Selangor,00000,,,true
Tulip Residence,,,Prelaid,,Denai Alam Shah Alam,Denai Alam Taman Bukit Subang 40160 Shah Alam,,Shah Alam,Selangor,40160,,,true
PJ Midtown,,,Prelaid,,Petaling Jaya,,Petaling Jaya,Selangor,00000,,,true
La Thea Residences,,,Prelaid,,Puchong,Puchong,,Puchong,Selangor,00000,,,true
TROPICANA AVENUE,,,Prelaid,,Petaling Jaya,,Petaling Jaya,Selangor,00000,,,true
PANGSAPURI OPAL @ PUCHONG INTAN,,,Prelaid,,Puchong,Puchong,,Puchong,Selangor,00000,,,true
RESIDENSI VISTA DEDANAU,,,Prelaid,,Kuala Lumpur,,Kuala Lumpur,Wilayah Persekutuan Kuala Lumpur,00000,,,true
RESIDENSI TROFI (TRION KUALA LUMPUR),,,Prelaid,,Kuala Lumpur,,Kuala Lumpur,Wilayah Persekutuan Kuala Lumpur,00000,,,true
CASA DESA,,,Non-Prelaid,,Kuala Lumpur,,Kuala Lumpur,Wilayah Persekutuan Kuala Lumpur,00000,,,true
Zen Residence,,,Prelaid,,Puchong,Puchong,,Puchong,Selangor,00000,,,true
ARIA Luxury Residence,,,Prelaid,,Kuala Lumpur,,Kuala Lumpur,Wilayah Persekutuan Kuala Lumpur,00000,,,true
ECO GRANDEUR - REGENT GARDEN,,,Prelaid,,Puncak Alam,Puncak Alam,,Puncak Alam,Selangor,00000,,,true
TREES APARTMENT,,,Prelaid,,Ampang,Ampang,,Ampang,Selangor,00000,,,true
PERDANA COURT - C2,,,Non-Prelaid,,Ampang,Ampang,,Ampang,Selangor,00000,,,true
G TOWER,,,Prelaid,,Kuala Lumpur,,Kuala Lumpur,Wilayah Persekutuan Kuala Lumpur,00000,,,true
Southville City,,,SDU,,Southville City Dengkil,Jalan Avens 2 Southville City 43800 Dengkil,,Dengkil,Selangor,43800,,,true
Sunway Alishan,,,Prelaid,,Taman Mutiara Barat KL,15/119 Taman Mutiara Barat 56000 Kuala Lumpur,,Kuala Lumpur,Wilayah Persekutuan Kuala Lumpur,56000,,,true
STARVILLE APARTMENT,,,Non-Prelaid,,Subang Jaya,Jalan USJ 19/6 Usj 19 47630 Subang Jaya,,Subang Jaya,Selangor,47630,,,true
AMPANG SAUJANA condominium,,,Prelaid,,Selangor,Selangor,,Selangor,Selangor,00000,,,true
TRX,,,Prelaid,,Kuala Lumpur,,Kuala Lumpur,Wilayah Persekutuan Kuala Lumpur,00000,,,true
JALAN TUN MOHD FUAD 1,,,SDU,,TTDI KL,Jalan Tun Mohd Fuad 1 TTDI 60000 Kuala Lumpur,,Kuala Lumpur,Wilayah Persekutuan Kuala Lumpur,60000,,,true
PUTERI COURT CONDOMINIUM,,,Non-Prelaid,,Ampang,Ampang,,Ampang,Selangor,00000,,,true
SRI ALAM CONDO,,,Non-Prelaid,,Shah Alam,,Shah Alam,Selangor,00000,,,true
Jalan Cassia,,,Prelaid,,Shah Alam,,Shah Alam,Selangor,00000,,,true
jalan elecktron,,,SDU,,Shah Alam,,Shah Alam,Selangor,00000,,,true
RESIDENSI 1 PLAZA @ KELANA JAYA,,,Prelaid,,Petaling Jaya,,Petaling Jaya,Selangor,00000,,,true
Sunway Artessa,,,Prelaid,,Kuala Lumpur,,Kuala Lumpur,Wilayah Persekutuan Kuala Lumpur,00000,,,true
Jasmine Court Apartment,,,Non-Prelaid,,Puchong,Puchong,,Puchong,Selangor,00000,,,true
jalan anggerik,,,SDU,,Shah Alam,,Shah Alam,Selangor,00000,,,true
Residensi Awani,,,Prelaid,,Kuala Lumpur,,Kuala Lumpur,Wilayah Persekutuan Kuala Lumpur,00000,,,true
Laman Residen,,,SDU,,Kuala Lumpur,,Kuala Lumpur,Wilayah Persekutuan Kuala Lumpur,00000,,,true
Menara mrcb,,,Non-Prelaid,,Shah Alam,,Shah Alam,Selangor,00000,,,true
PANGSAPURI PJU ARA DAMANSARA,,,SDU,,Jalan PJU,Jalan PJU,,Kuala Lumpur,Wilayah Persekutuan Kuala Lumpur,00000,,,true
Jalan station,,,SDU,,Klang,Klang,,Klang,Selangor,00000,,,true
MEADOW PARK 2,,,Non-Prelaid,,Kuala Lumpur,Meadow Park 2 Jln 1/130 Old Klang Rd Happy Garden 58200,,Kuala Lumpur,Wilayah Persekutuan Kuala Lumpur,58200,,,true
THE HOLMES 2,,,Prelaid,,Bandar Tun Razak KL,Jalan Budiman Bandar Tun Razak 56000 Kuala Lumpur,,Kuala Lumpur,Wilayah Persekutuan Kuala Lumpur,56000,,,true
CASA JASMINE,,,Prelaid,,Setia Alam Shah Alam,No 3 31 Jln Setia Perdana U13/28 Setia Alam 40170,,Shah Alam,Selangor,40170,,,true
ALAMANDA RESIDENCE,,,Prelaid,,Bukit Kerinchi KL,1 No.8 Jalan Pantai Sentral Bukit Kerinchi 59200,,Kuala Lumpur,Wilayah Persekutuan Kuala Lumpur,59200,,,true
JALAN KAMPUNG BANDAR DALAM (JALAN SENTUL PASAR),,,SDU,,Kuala Lumpur,51100 Kuala Lumpur,,Kuala Lumpur,Wilayah Persekutuan Kuala Lumpur,51100,,,true
JALAN BESAR,,,SDU,,Klang,Kawasan 1 Klang,,Klang,Selangor,00000,,,true
LORONG TINGKAT,,,SDU,,Klang,Kawasan 1 41000 Klang,,Klang,Selangor,41000,,,true
JALAN SERKUT,,,SDU,,Kuala Lumpur,Taman Pertama 55300 Kuala Lumpur,,Kuala Lumpur,Wilayah Persekutuan Kuala Lumpur,55300,,,true
JALAN KUCHAI MAJU,,,SDU,,Kuala Lumpur,Kuala Lumpur,,Kuala Lumpur,Wilayah Persekutuan Kuala Lumpur,00000,,,true
MEADOW PARK 1,,,Non-Prelaid,,Kuala Lumpur,5 Jln 1/130 Taman Gembira 58200 Kuala Lumpur,,Kuala Lumpur,Wilayah Persekutuan Kuala Lumpur,58200,,,true
SMK DATO' IBRAHIM YAACOB,,,Non-Prelaid,,Kuala Lumpur,Jalan Ipoh Kampung Batu 51200 Kuala Lumpur,,Kuala Lumpur,Wilayah Persekutuan Kuala Lumpur,51200,,,true
MEDIA SELANGOR SDN BHD,,,Prelaid,,Shah Alam,Aras 11 Menara Bank Rakyat 1 Jalan Indah 14/8 Seksyen 14 40000 Shah Alam,,Shah Alam,Selangor,40000,,,true
RESIDENSI M ASTRA,,,Prelaid,,Kuala Lumpur,Jalan Usahawan 5 53300 Kuala Lumpur,,Kuala Lumpur,Wilayah Persekutuan Kuala Lumpur,53300,,,true
VISTA MAHOGANI,,,Prelaid,,Kajang,Jalan Impian Gemilang Saujana Impian 43000 Kajang,,Kajang,Selangor,43000,,,true
JALAN BIRAI,,,SDU,,Shah Alam,Bukit Jelutong 40150 Shah Alam,,Shah Alam,Selangor,40150,,,true
SMK DANAU KOTA,,,Non-Prelaid,,Kuala Lumpur,Lot 21570 Jalan Genting Klang 53300 Kuala Lumpur,,Kuala Lumpur,Wilayah Persekutuan Kuala Lumpur,53300,,,true
PANGSAPURI SELANGORKU CENDANA,,,Prelaid,,Rawang,48020 Selangor Rawang MR2,,Rawang,Selangor,48020,,,true
Pangsapuri Seri Laman,,,Non-Prelaid,,Selangor,Selangor,,Selangor,Selangor,00000,,,true
JALAN SINAR SENTUL,,,SDU,,Kuala Lumpur,51100 Kuala Lumpur,,Kuala Lumpur,Wilayah Persekutuan Kuala Lumpur,51100,,,true
TAMAN DANAU KOTA,,,SDU,,Kuala Lumpur,,Kuala Lumpur,Wilayah Persekutuan Kuala Lumpur,00000,,,true
RENJANA AMPANG CONDOMINIUM,,,Non-Prelaid,,Ampang,Ampang Kuala Lumpur,,Ampang,Selangor,00000,,,true
Lorong Dato Yusuf Shahbudin,,,SDU,,Klang,Taman Sentosa 41000 Klang,,Klang,Selangor,41000,,,true
Jalan Selar,,,SDU,,Kuala Lumpur,55300 Kuala Lumpur,,Kuala Lumpur,Wilayah Persekutuan Kuala Lumpur,55300,,,true
